NAME;ZUSATZ;STRASSE;NUMMER;PLZ;STADT;LAND;ADRESS_TYP;REFERENZ
Chaostreff Flensburg e.V.;;Apenrader Str.;49;24939;Flensburg;DEU;HOUSE;Abbsender
IU Internationale Hochschule;;Juri-Gagarin-Ring;152;;;DEU;HOUSE;108364
FernUniversität in Hagen;;Universitätsstraße;47;58084;Hagen;DEU;HOUSE;62638
Ludwig-Maximilians-Universität München;;Geschwister-Scholl-Platz;1;;;DEU;HOUSE;51574
Universität zu Köln;;;Albertus-Magnus-Platz;50923;Köln;DEU;HOUSE;51195
FOM Hochschule für Oekonomie & Management - University of Applied Sciences;;Leimkugelstraße;6;;;DEU;HOUSE;50722
Technische Universität München;;Arcisstraße;21;;;DEU;HOUSE;49514
Rheinisch-Westfälische Technische Hochschule Aachen;;Templergraben;55;52056;Aachen;DEU;HOUSE;47302
Westfälische Wilhelms-Universität Münster;;Schlossplatz;2;;;DEU;HOUSE;43869
Johann Wolfgang Goethe-Universität, Frankfurt am Main;;Theodor-W.-Adorno-Platz;1;60054;Frankfurt am Main;DEU;HOUSE;42899
Universität Hamburg;;Mittelweg;177;;;DEU;HOUSE;42468
Freie Universität Berlin;;Kaiserswerther Str.;16-18;;;DEU;HOUSE;42063
Ruhr-Universität Bochum;;Universitätsstraße;150;44780;Bochum;DEU;HOUSE;41694
Universität Duisburg-Essen;;Universitätsstraße;2;45117;Essen;DEU;HOUSE;41237
Humboldt-Universität zu Berlin;;Unter den Linden;6;10099;Berlin;DEU;HOUSE;40514
Friedrich-Alexander-Universität Erlangen-Nürnberg;;Schlossplatz;4;91023;Erlangen;DEU;HOUSE;39053
Rheinische Friedrich-Wilhelms-Universität Bonn;;Regina-Pacis-Weg;3;53012;Bonn;DEU;HOUSE;36579
Technische Universität Berlin;;Straße des 17. Juni;135;;;DEU;HOUSE;35228
Heinrich-Heine-Universität Düsseldorf;;Universitätsstraße;1;;;DEU;HOUSE;33993
Technische Universität Dortmund;;August-Schmidt-Straße;4;44221;Dortmund;DEU;HOUSE;32240
Duale Hochschule Baden-Württemberg;;Friedrichstraße;14.;;;DEU;HOUSE;31767
Johannes Gutenberg-Universität Mainz;;Saarstraße;21;55099;Mainz;DEU;HOUSE;30136
Technische Universität Dresden;;Mommsenstraße;11;1062;Dresden;DEU;HOUSE;29954
Universität Leipzig;;Ritterstraße;26;4009;Leipzig;DEU;HOUSE;29746
Ruprecht-Karls-Universität Heidelberg;;Seminarstraße;2;69047;Heidelberg;DEU;HOUSE;29147
Gottfried Wilhelm Leibniz Universität Hannover;;Welfengarten;1;30060;Hannover;DEU;HOUSE;28078
Eberhard Karls Universität Tübingen;;;Geschwister-Scholl-Platz;;;DEU;HOUSE;28062
Georg-August-Universität Göttingen;;Wilhelmsplatz;1;37027;Göttingen;DEU;HOUSE;27871
Christian-Albrechts-Universität zu Kiel;;Christian-Albrechts-Platz;4;;;DEU;HOUSE;27152
Julius-Maximilians-Universität Würzburg;;Sanderring;2;;;DEU;HOUSE;26643
Justus-Liebig-Universität Gießen;;Ludwigstraße;23;35359;Gießen;DEU;HOUSE;26068
Universität Bielefeld;;Universitätsstraße;25;33501;Bielefeld;DEU;HOUSE;24555
Technische Universität Darmstadt;;Karolinenplatz;5;64277;Darmstadt;DEU;HOUSE;24405
Technische Hochschule Köln;;Claudiusstraße;1;;;DEU;HOUSE;24294
Albert-Ludwigs-Universität Freiburg im Breisgau;;;Fahnenbergplatz;79085;Freiburg;DEU;HOUSE;24187
Universität Kassel;;Mönchebergstraße;19;34109;Kassel;DEU;HOUSE;22893
Bergische Universität Wuppertal;;Gaußstraße;20;42097;Wuppertal;DEU;HOUSE;22272
Philipps-Universität Marburg;;Biegenstraße;10;35032;Marburg;DEU;HOUSE;21984
Universität Stuttgart;;Keplerstraße;7;70049;Stuttgart;DEU;HOUSE;21804
Karlsruher Institut für Technologie;;Kaiserstraße;12;76049;Karlsruhe;DEU;HOUSE;21746
Universität Potsdam;;Am Neuen Palais;10;;;DEU;HOUSE;20899
Universität Regensburg;;Universitätsstraße;31;93040;Regensburg;DEU;HOUSE;20600
Martin-Luther-Universität Halle-Wittenberg;;Universitätsplatz;11;;;DEU;HOUSE;20075
Universität Augsburg;;Universitätsstraße;2;86135;Augsburg;DEU;HOUSE;19392
Universität Paderborn;;Warburger Straße;100;33095;Paderborn;DEU;HOUSE;18502
Hochschule für angewandte Wissenschaften München;;Lothstr.;34;80001;München;DEU;HOUSE;18107
Universität Bremen;;Bibliothekstraße;1;28334;Bremen;DEU;HOUSE;17984
Friedrich-Schiller-Universität Jena;;Fürstengraben;1;7737;Jena;DEU;HOUSE;17015
Technische Universität Carolo-Wilhelmina zu Braunschweig;;Universitätsplatz;2;38023;Braunschweig;DEU;HOUSE;16908
Hochschule für Angewandte Wissenschaften Hamburg;;Berliner Tor;5;20014;Hamburg;DEU;HOUSE;16877
Technische Hochschule Mittelhessen - THM;;Wiesenstraße;14;;;DEU;HOUSE;16795
Universität Siegen;;Adolf-Reichwein-Straße;2;;;DEU;HOUSE;16791
Hochschule Fresenius;;Limburger Straße;2;;;DEU;HOUSE;16765
Universität des Saarlandes;;;Campus;66041;Saarbrücken;DEU;HOUSE;16122
Carl von Ossietzky Universität Oldenburg;;Ammerländer Heerstraße;114-118;26111;Oldenburg;DEU;HOUSE;15495
Hochschule Darmstadt;;Schöfferstraße;3;;;DEU;HOUSE;15474
Frankfurt University of Applied Sciences;;Nibelungenplatz;1;;;DEU;HOUSE;15297
FH Münster University of Applied Sciences;;Hüfferstr.;27;48016;Münster;DEU;HOUSE;15184
Fachhochschule Dortmund;;Sonnenstraße;96;44047;Dortmund;DEU;HOUSE;14371
Hochschule für Technik und Wirtschaft Berlin;;Treskowallee;8;10313;Berlin;DEU;HOUSE;14156
Hamburger Fern-Hochschule, gemeinnützige GmbH;;Alter Teichweg;19;22081;Hamburg;DEU;HOUSE;14144
Fachhochschule Aachen;;Bayernallee;11;52005;Aachen;DEU;HOUSE;14086
Universität Osnabrück;;Neuer;Graben/Schloss;49069;Osnabrück;DEU;HOUSE;13597
Hochschule Osnabrück;;Albrechtstraße 30;;49009;Osnabrück;DEU;HOUSE;13317
Hochschule Niederrhein;;Reinarzstraße;49;47707;Krefeld;DEU;HOUSE;13179
Hochschule für Polizei und öffentliche Verwaltung Nordrhein-Westfalen;;Haidekamp;73;;;DEU;HOUSE;13078
Hochschule RheinMain;;Kurt-Schumacher-Ring;18;65022;Wiesbaden;DEU;HOUSE;12945
Berliner Hochschule für Technik;;Luxemburger Str.;10;;;DEU;HOUSE;12854
Otto-von-Guericke-Universität Magdeburg;;Universitätsplatz;2;39016;Magdeburg;DEU;HOUSE;12833
Universität Rostock;;Universitätsplatz;1;18051;Rostock;DEU;HOUSE;12814
Technische Hochschule Nürnberg Georg Simon Ohm;;Keßlerplatz;12;90121;Nürnberg;DEU;HOUSE;12601
Hochschule für Wirtschaft und Recht Berlin;;Badensche Straße;52;;;DEU;HOUSE;12433
Universität Bayreuth;;Universitätsstraße;30;95440;Bayreuth;DEU;HOUSE;12329
Universität Mannheim;;;Schloss;68131;Mannheim;DEU;HOUSE;11560
Otto-Friedrich-Universität Bamberg;;Kapuzinerstr.;25;96045;Bamberg;DEU;HOUSE;11311
Universität Passau;;Innstraße;41;94030;Passau;DEU;HOUSE;11202
Hochschule Düsseldorf;;Münsterstraße;156;;;DEU;HOUSE;11172
Universität Trier;;Universitätsring;15;;;DEU;HOUSE;11034
Fachhochschule Südwestfalen;;Baarstraße;6;58590;Iserlohn;DEU;HOUSE;10995
Universität Konstanz;;Universitätsstraße;10;78457;Konstanz;DEU;HOUSE;10832
Hochschule Braunschweig/Wolfenbüttel, Ostfalia Hochschule für angewandte Wissenschaften;;Salzdahlumer Straße;46/48;;;DEU;HOUSE;10775
Ostbayerische Technische Hochschule Regensburg;;Seybothstraße;2;93025;Regensburg;DEU;HOUSE;10564
Hochschule Bielefeld - University of Applied Sciences and Arts (HSBI);;Interaktion;1;33511;Bielefeld;DEU;HOUSE;10538
Universität Greifswald;;Domstraße;11;;;DEU;HOUSE;10356
Universität Ulm;;Albert-Einstein-Allee;11;89069;Ulm;DEU;HOUSE;10181
Europäische Fernhochschule Hamburg;;Doberaner Weg;20-22;;;DEU;HOUSE;9646
Leuphana Universität Lüneburg;;Universitätsallee;1;;;DEU;HOUSE;9337
Technische Universität Chemnitz;;Straße der Nationen;62;9107;Chemnitz;DEU;HOUSE;9258
Technische Hochschule Würzburg-Schweinfurt;;Münzstraße;12;;;DEU;HOUSE;9230
Hochschule Bonn-Rhein-Sieg, University of Applied Sciences;;Grantham-Allee;20;53757;Sankt Augustin;DEU;HOUSE;9070
Hochschule Koblenz;;Konrad-Zuse-Straße;1;;;DEU;HOUSE;8992
Hochschule Fulda - University of Applied Sciences;;Leipziger Straße;123;36012;Fulda;DEU;HOUSE;8963
Hochschule Hannover;;Expo Plaza;4;30531;Hannover;DEU;HOUSE;8891
Hochschule Bremen;;Neustadtwall;30;;;DEU;HOUSE;8672
Universität Hohenheim;;Schloss Hohenheim;1;;;DEU;HOUSE;8653
Hochschule des Bundes für öffentliche Verwaltung;;Willy-Brandt-Straße;1;50306;Brühl;DEU;HOUSE;8641
Technische Hochschule Deggendorf;;Dieter-Görlitz-Platz;1;94453;Deggendorf;DEU;HOUSE;8382
Universität Hildesheim;;Universitätsplatz;1;31113;Hildesheim;DEU;HOUSE;8070
Hochschule Wismar - University of Applied Sciences: Technology, Business and Design;;Philipp-Müller-Straße;14;23952;Wismar;DEU;HOUSE;8048
SRH Fernhochschule - The Mobile University;;Kirchstraße;26;88499;Riedlingen;DEU;HOUSE;8040
Hochschule Heilbronn, Technik, Wirtschaft, Informatik;;Max-Planck-Straße;39;;;DEU;HOUSE;7862
DIPLOMA Hochschule - Private Fachhochschule Nordhessen;;Am Hegeberg;2;;;DEU;HOUSE;7775
Hochschule Bochum - University of Applied Sciences;;Am Hochschulcampus;1;44707;Bochum;DEU;HOUSE;7695
Fachhochschule Kiel;;Sokratesplatz;1;;;DEU;HOUSE;7670
Westfälische Hochschule Gelsenkirchen, Bocholt, Recklinghausen;;Neidenburger Straße;43;45877;Gelsenkirchen;DEU;HOUSE;7620
Technische Universität Hamburg;;Am Schwarzenberg-Campus 3;(E);;;DEU;HOUSE;7223
Deutsche Hochschule für Prävention und Gesundheitsmanagement GmbH;;Hermann Neuberger Sportschule;3;;;DEU;HOUSE;7133
Hochschule Anhalt - Anhalt University of Applied Sciences;;Bernburger Straße;55;6354;Köthen;DEU;HOUSE;7067
Hochschule Karlsruhe - Technik und Wirtschaft;;Moltkestraße;30;76012;Karlsruhe;DEU;HOUSE;6934
Technische Hochschule Ingolstadt;;Esplanade;10;85019;Ingolstadt;DEU;HOUSE;6878
Hochschule für Technik, Wirtschaft und Kultur Leipzig;;Karl-Liebknecht-Straße;132;4251;Leipzig;DEU;HOUSE;6843
Hochschule Trier - Trier University of Applied Sciences;;;Schneidershof;54208;Trier;DEU;HOUSE;6688
Brandenburgische Technische Universität Cottbus-Senftenberg;;Platz der Dt. Einheit;1;3013;Cottbus;DEU;HOUSE;6620
Technische Hochschule Augsburg;;An der Hochschule;1;86031;Augsburg;DEU;HOUSE;6606
Hochschule Rhein-Waal - University of Applied Sciences;;Marie-Curie-Str.;1;;;DEU;HOUSE;6465
Jade Hochschule -  Wilhelmshaven/Oldenburg/Elsfleth;;Friedrich-Paffrath-Straße;101;;;DEU;HOUSE;6399
Technische Hochschule Rosenheim;;Hochschulstraße;1;;;DEU;HOUSE;6383
Hochschule Esslingen;;Kanalstraße;33;;;DEU;HOUSE;6335
HAWK Hochschule für angewandte Wissenschaft und Kunst Hildesheim/Holzminden/Göttingen;;Hohnsen;4;;;DEU;HOUSE;6325
Europa-Universität Flensburg;;Auf dem Campus;1;;;DEU;HOUSE;6256
AKAD Hochschule Stuttgart - staatlich anerkannt;;Heilbronner Str.;86;;;DEU;HOUSE;6187
Pädagogische Hochschule Ludwigsburg;;Reuteallee;46;71602;Ludwigsburg;DEU;HOUSE;6097
Hochschule Mittweida, University of Applied Sciences;;Technikumplatz;17;9644;Mittweida;DEU;HOUSE;6079
Hochschule  für  angewandte  Wissenschaften  Weihenstephan-Triesdorf;;Am Hofgarten;4;;;DEU;HOUSE;6027
Hochschule Ruhr West- University of Applied Sciences;;Duisburger Straße;100;45407;Mülheim;DEU;HOUSE;5999
Technische Hochschule Ostwestfalen-Lippe ;;Campusallee;12;;;DEU;HOUSE;5960
Deutsche Sporthochschule Köln;;Am Sportpark Müngersdorf;6;50927;Köln;DEU;HOUSE;5949
Hochschule für Technik und Wirtschaft des Saarlandes;;Goebenstraße;40;66140;Saarbrücken;DEU;HOUSE;5942
Universität zu Lübeck;;Ratzeburger Allee;160;;;DEU;HOUSE;5931
Universität Erfurt;;Nordhäuser Straße;63;99105;Erfurt;DEU;HOUSE;5897
Hochschule Kaiserslautern (University of Applied Sciences);;Schoenstr.;11;67604;Kaiserslautern;DEU;HOUSE;5846
Rheinische Fachhochschule Köln;;Schaevenstrasse;1a-b;;;DEU;HOUSE;5817
Hochschule Pforzheim - Gestaltung, Technik, Wirtschaft und Recht;;Tiefenbronner Straße;65;;;DEU;HOUSE;5654
Hochschule der Medien Stuttgart;;Nobelstraße;10;;;DEU;HOUSE;5637
Fachhochschule des Mittelstands (FHM);;Ravensberger Straße 10;G;;;DEU;HOUSE;5629
Hochschule Mainz;;Lucy-Hillebrand-Straße;2;55009;Mainz;DEU;HOUSE;5621
Katholische Hochschule Nordrhein-Westfalen - Catholic University of Applied Sciences;;Wörthstraße;10;;;DEU;HOUSE;5440
Hochschule für Wirtschaft und Umwelt Nürtingen-Geislingen;;Neckarsteige;6-10;;;DEU;HOUSE;5411
Steinbeis-Hochschule;;Hegelstraße;39;;;DEU;HOUSE;5386
Hochschule Mannheim;;Paul-Wittsack-Straße;10;;;DEU;HOUSE;5347
Pädagogische Hochschule Heidelberg;;Keplerstraße;87;69032;Heidelberg;DEU;HOUSE;5260
Hochschule Magdeburg-Stendal;;Breitscheidstraße;2;39011;Magdeburg;DEU;HOUSE;5258
Hochschule Furtwangen - Informatik, Technik, Wirtschaft, Medien, Gesundheit;;Robert-Gerwig-Platz;1;78113;Furtwangen;DEU;HOUSE;5216
Technische Hochschule Lübeck;;Mönkhofer Weg;239;;;DEU;HOUSE;5138
Hochschule Hamm-Lippstadt;;Marker Allee;76-78;;;DEU;HOUSE;5134
Hochschule für angewandte Wissenschaften Kempten;;Bahnhofstraße;61;87406;Kempten;DEU;HOUSE;5056
Hochschule Aalen - Technik und Wirtschaft;;Beethovenstraße;1;73428;Aalen;DEU;HOUSE;5035
Hochschule Reutlingen, Hochschule für Technik-  Wirtschaft-Informatik-Design;;Alteburgstraße;150;;;DEU;HOUSE;4977
Pädagogische Hochschule Freiburg;;Kunzenweg;21;79117;Freiburg;DEU;HOUSE;4932
Katholische Universität Eichstätt - Ingolstadt;;Ostenstraße;26;85071;Eichstätt;DEU;HOUSE;4929
Wilhelm Büchner Hochschule - Private Fernhochschule Darmstadt;;Hilpertstr.;31;64201;Darmstadt;DEU;HOUSE;4915
Hochschule für den öffentlichen Dienst in Bayern;;Wagmüllerstraße;20;;;DEU;HOUSE;4907
MSH Medical School Hamburg - University of Applied Sciences and Medical University;;Am Kaiserkai;1;20457;Hamburg;DEU;HOUSE;4845
Hochschule für angewandte Wissenschaften Coburg;;Friedrich-Streib-Straße;2;96406;Coburg;DEU;HOUSE;4808
Europa-Universität Viadrina Frankfurt (Oder);;Große Scharrnstraße;59;;;DEU;HOUSE;4786
PFH - Private Hochschule Göttingen;;Weender Landstr.;3-7;;;DEU;HOUSE;4775
Technische Universität Ilmenau;;Ehrenbergstraße;29;98684;Ilmenau;DEU;HOUSE;4753
Hochschule für Technik und Wirtschaft Dresden - University of Applied Sciences;;Friedrich-List-Platz;1;1008;Dresden;DEU;HOUSE;4634
Hochschule Landshut - Hochschule für angewandte Wissenschaften;;Am Lurzenhof;1;;;DEU;HOUSE;4524
Hochschule Konstanz Technik, Wirtschaft und Gestaltung;;Alfred-Wachtel-Straße;8;;Konstanz;DEU;HOUSE;4456
Hochschule für Wirtschaft und Gesellschaft Ludwigshafen ;;Ernst-Boehe-Str.;4;67072;Ludwigshafen;DEU;HOUSE;4400
Alice Salomon Hochschule Berlin;;Alice-Salomon-Platz;5;;;DEU;HOUSE;4335
Ernst-Abbe-Hochschule Jena - University of Applied Sciences;;Carl-Zeiss-Promenade;2;7703;Jena;DEU;HOUSE;4330
University of Europe for Applied Sciences;;Konrad-Zuse-Ring;11;;;DEU;HOUSE;4330
IST-Hochschule für Management;;Erkrather Str. 220;a-c;;;DEU;HOUSE;4278
Hessische Hochschule für öffentliches Management und Sicherheit;;Schönbergstraße;100;;;DEU;HOUSE;4271
Hochschule Emden/Leer;;Constantiaplatz;4;;;DEU;HOUSE;4264
Ostbayerische Technische Hochschule Amberg-Weiden;;Kaiser-Wilhelm-Ring;23;92204;Amberg;DEU;HOUSE;4183
Universität der Künste Berlin;;Einsteinufer;43;10595;Berlin;DEU;HOUSE;4179
Hochschule Macromedia - staatlich anerkannte Hochschule für angewandte Wissenschaften der Macromedia GmbH mit Sitz in Stuttgart;;Naststraße 11/Im;Römerkastell;;;DEU;HOUSE;4154
Universität Vechta;;Driverstraße;22;49364;Vechta;DEU;HOUSE;4111
Fachhochschule Erfurt;;Altonaer Straße;25;99051;Erfurt;DEU;HOUSE;4063
Hochschule für Technik Stuttgart;;Schellingstraße;24;70013;Stuttgart;DEU;HOUSE;3989
Hochschule für angewandte Wissenschaften Neu-Ulm;;Wileystraße;1;;;DEU;HOUSE;3974
Hochschule für Angewandte Wissenschaften Hof;;Alfons-Goppel-Platz;1;;;DEU;HOUSE;3943
Bauhaus-Universität Weimar;;Geschwister-Scholl-Straße;8;99421;Weimar;DEU;HOUSE;3930
Hochschule für Technik, Wirtschaft und Medien Offenburg;;Badstraße;24;;;DEU;HOUSE;3906
Hochschule für angewandtes Management;;Steinheilstraße;4;;;DEU;HOUSE;3900
Frankfurt School of Finance & Management;;Adickesallee;32-34;60003;Frankfurt am Main;DEU;HOUSE;3894
Medizinische Hochschule Hannover (MHH);;Carl-Neuberg-Str.;1;30623;Hannover;DEU;HOUSE;3890
Universität der Bundeswehr München;;Werner-Heisenberg-Weg;39;;0;DEU;HOUSE;3734
Hochschule für angewandte Wissenschaften Ansbach;;Residenzstraße;8;91510;Ansbach;DEU;HOUSE;3719
Pädagogische Hochschule Karlsruhe;;Bismarckstraße;10;76060;Karlsruhe;DEU;HOUSE;3676
Fachhochschule Potsdam;;Kiepenheuerallee;5;;;DEU;HOUSE;3657
Hochschule Ravensburg-Weingarten;;;Doggenriedstraße;88216;Ravensburg;DEU;HOUSE;3611
Technische Hochschule Aschaffenburg;;Würzburger Straße;45;;;DEU;HOUSE;3475
Pädagogische Hochschule Weingarten;;Kirchplatz;2;;;DEU;HOUSE;3398
International School of Management;;Otto-Hahn-Straße;19;;;DEU;HOUSE;3397
Hochschule Worms, University of Applied Sciences;;Erenburgerstr.;19;;;DEU;HOUSE;3391
Technische Universität Bergakademie Freiberg;;Akademiestraße;6;9596;Freiberg;DEU;HOUSE;3381
APOLLON Hochschule der Gesundheitswirtschaft;;Universitätsallee;18;;;DEU;HOUSE;3365
Hochschule Flensburg;;Kanzleistraße;91-93;24905;Flensburg;DEU;HOUSE;3355
Technische Hochschule Wildau;;Hochschulring;1;;;DEU;HOUSE;3296
Technische Hochschule Ulm;;Prittwitzstraße;10;89028;Ulm;DEU;HOUSE;3233
SRH Hochschule Heidelberg - Staatlich anerkannte Fachhochschule;;Ludwig-Guttmann-Str.;6;69004;Heidelberg;DEU;HOUSE;3102
Technische Universität Clausthal;;Adolph-Roemer-Straße 2;A;38670;Clausthal-Zellerfeld;DEU;HOUSE;3024
Hochschule Harz, Hochschule für angewandte Wissenschaften (FH);;Friedrichstraße;57-59;;;DEU;HOUSE;3017
Private Universität Witten/Herdecke gGmbH;;Alfred-Herrhausen-Str.;50;;;DEU;HOUSE;3011
Hochschule Merseburg;;Eberhard-Leibnitz-Straße;2;;;DEU;HOUSE;2953
Westsächsische Hochschule Zwickau;;Kornmarkt;1;8012;Zwickau;DEU;HOUSE;2931
Hochschule Albstadt-Sigmaringen;;Anton-Günther-Straße;51;72481;Sigmaringen;DEU;HOUSE;2904
Pädagogische Hochschule Schwäbisch Gmünd;;Oberbettringer Str.;200;;;DEU;HOUSE;2872
Hochschule Bremerhaven;;An der Karlstadt;8;;;DEU;HOUSE;2816
Hochschule für Finanzen NRW;;;Schloßstraße;;;DEU;HOUSE;2795
Hochschule für öffentliche Verwaltung und Finanzen Ludwigsburg;;Reuteallee;36;;;DEU;HOUSE;2792
Medical School Berlin - Hochschule für Gesundheit und Medizin (MSB);;Rüdesheimer Str.;50;;;DEU;HOUSE;2787
SRH Berlin University of Applied Sciences;;Ernst-Reuter-Platz;10;;;DEU;HOUSE;2749
Hessische Hochschule für Finanzen und Rechtspflege Rotenburg a.d. Fulda;;Josef-Durstewitz Straße;2-6;;;DEU;HOUSE;2610
Hochschule Schmalkalden;;Blechhammer;9;98574;Schmalkalden;DEU;HOUSE;2564
Evangelische Hochschule Rheinland-Westfalen-Lippe;;Immanuel-Kant-Straße;18-20;;;DEU;HOUSE;2558
Hochschule Zittau/Görlitz;;Theodor-Körner-Allee;16;2754;Zittau;DEU;HOUSE;2532
Helmut-Schmidt-Universität/Universität der Bundeswehr Hamburg;;Holstenhofweg;85;22039;Hamburg;DEU;HOUSE;2529
NORDAKADEMIE Hochschule der Wirtschaft;;Köllner Chaussee;11;;;DEU;HOUSE;2481
HafenCity Universität Hamburg;;Henning-Voscherau-Platz;1;;;DEU;HOUSE;2469
Technische Hochschule Brandenburg;;Magdeburger Straße;50;14737;Brandenburg;DEU;HOUSE;2465
Europäische Fachhochschule Rhein/Erft, european university of applied sciences;;Kaiserstraße;6;;;DEU;HOUSE;2457
Katholische    Stiftungshochschule für   angewandte Wissenschaften München - Hochschule der Kirchlichen Stiftung des öffentlichen Rechts Katholische Bildungsstätten für Sozialberufe in Bayern;;Preysingstraße;95;;;DEU;HOUSE;2437
Technische Hochschule Bingen;;Berlinstraße;109;;;DEU;HOUSE;2433
Hochschule für Polizei Baden-Württemberg;;Sturmbühlstraße;250;;;DEU;HOUSE;2337
Hochschule Biberach - Hochschule für Architektur und Bauwesen, Betriebswirtschaft und Biotechnologie;;Karlstraße;11;88382;Biberach;DEU;HOUSE;2336
Stiftung Tierärztliche Hochschule Hannover;;Bünteweg;2;30545;Hannover;DEU;HOUSE;2328
Hochschule für nachhaltige Entwicklung Eberswalde;;Schicklerstr.;5;;;DEU;HOUSE;2323
Technische Hochschule Georg Agricola;;Herner Straße;45;44782;Bochum;DEU;HOUSE;2316
Hochschule Stralsund;;Zur Schwedenschanze;15;;;DEU;HOUSE;2268
Fliedner Fachhochschule Düsseldorf;;Geschwister-Aufricht-Straße;9;;;DEU;HOUSE;2204
CBS International Business School - University of Applied Sciences;;Hardefuststraße;1;;;DEU;HOUSE;2185
HMKW Hochschule für Medien, Kommunikation und Wirtschaft;;Ackerstraße;76;;;DEU;HOUSE;2124
Hochschule Neubrandenburg - University of Applied Sciences;;Brodaer Straße;2;17041;Neubrandenburg;DEU;HOUSE;2082
Hochschule Nordhausen;;Weinberghof;4;99727;Nordhausen;DEU;HOUSE;2035
WHU - Otto Beisheim School of Management;;Burgplatz;2;;;DEU;HOUSE;2026
Fachhochschule der Wirtschaft;;Fürstenallee;5;;;DEU;HOUSE;2021
DHGS Deutsche Hochschule für Gesundheit und Sport;;Franklinstr.;28-29;;;DEU;HOUSE;1951
Katholische Hochschule Freiburg, staatlich anerkannte Hochschule - Catholic University of Applied Sciences;;Karlstraße;63;;;DEU;HOUSE;1868
Hochschule für Gesundheit - University of Applied Sciences;;Gesundheitscampus;6-8;;;DEU;HOUSE;1808
EBS Universität für Wirtschaft und Recht;;Gustav-Stresemann-Ring;3;;;DEU;HOUSE;1805
Hochschule Geisenheim;;Von-Lade-Straße;1;;;DEU;HOUSE;1723
Fachhochschule für Verwaltung und Dienstleistung in Schleswig-Holstein;;Rehmkamp;10;;;DEU;HOUSE;1716
Folkwang Universität der Künste;;Klemensborn;39;45224;Essen;DEU;HOUSE;1694
Evangelische Hochschule Berlin;;Teltower Damm;118-122;14132;Berlin;DEU;HOUSE;1651
BSP Business and Law School - Hochschule für Management und Recht;;Calandrellistraße;1-9;;;DEU;HOUSE;1648
Fachhochschule Westküste, Hochschule für Wirtschaft und Technik;;Fritz-Thiedemann-Ring;20;;;DEU;HOUSE;1572
Kommunale Hochschule für Verwaltung in Niedersachsen;;Wielandstraße;8;;;DEU;HOUSE;1561
Katholische Hochschule Mainz Catholic University of Applied Sciences;;Saarstraße;3;55247;Mainz-Kastel;DEU;HOUSE;1543
Hochschule der Bundesagentur für Arbeit - Staatlich anerkannte Hochschule für angewandte Wissenschaft in Mannheim und Schwerin (University of Applied Labour Studies of the Federal Employment Agency);;Seckenheimer Landstraße;16;;;DEU;HOUSE;1543
Constructor University;;Campus Ring;1;;;DEU;HOUSE;1531
DIU - Dresden International University GmbH;;Freiberger Straße;37;;;DEU;HOUSE;1515
Hochschule der Polizei Rheinland-Pfalz;;Hunsrück;Drive;;;DEU;HOUSE;1511
Hochschule für Musik und Theater Hamburg;;Harvestehuder Weg;12;;;DEU;HOUSE;1462
Hochschule für Musik und Tanz Köln;;Unter Krahnenbäumen;87;;;DEU;HOUSE;1457
Hochschule für Musik, Theater und Medien Hannover;;Neues Haus;1;;;DEU;HOUSE;1441
SRH Hochschule für Gesundheit;;Neue Straße 28 -;30;;;DEU;HOUSE;1434
Alanus Hochschule für Kunst und Gesellschaft;;Villestraße;3;;;DEU;HOUSE;1430
Hochschule für öffentliche Verwaltung Kehl;;Kinzigallee;1;;;DEU;HOUSE;1421
Duale Hochschule Gera-Eisenach;;Weg der Freundschaft;4;;;DEU;HOUSE;1395
Evangelische Hochschule Darmstadt (staatlich anerkannt) – Kirchliche Körperschaft des öffentlichen Rechts;;Zweifalltorweg;12;;;DEU;HOUSE;1333
Akkon-Hochschule;;Colditzstraße;34-36;;;DEU;HOUSE;1301
Evangelische Hochschule Ludwigsburg - staatlich anerkannte Hochschule für Angewandte Wissenschaften der Evangelischen Landeskirche in Württemberg;;Paulusweg;6;;;DEU;HOUSE;1271
Evangelische Hochschule für angewandte Wissenschaften - Evangelische Fachhochschule Nürnberg;;Bärenschanzstraße;4;;;DEU;HOUSE;1257
Katholische Hochschule für Sozialwesen Berlin (KHSB) - Staatlich anerkannte Fachhochschule für Sozialwesen;;Köpenicker Allee;39-57;;;DEU;HOUSE;1247
Burg Giebichenstein Kunsthochschule Halle;;Neuwerk;7;6003;Halle;DEU;HOUSE;1187
Hochschule für Musik und Theater München;;Arcisstraße;12;;;DEU;HOUSE;1167
Hochschule für Musik und Theater Felix Mendelssohn Bartholdy Leipzig;;Grassistraße;8;4008;Leipzig;DEU;HOUSE;1130
Fachhochschule Wedel;;Feldstraße;143;;;DEU;HOUSE;1128
EBZ Business School - University of Applied Sciences;;Springorumallee;20;;;DEU;HOUSE;1114
bbw Hochschule;;Wagner-Régeny-Straße;21;;;DEU;HOUSE;1069
hochschule 21;;Harburger Straße;6;;;DEU;HOUSE;1067
ESCP Europe Wirtschaftshochschule Berlin e.V.;;Heubnerweg;8-10;14059;Berlin;DEU;HOUSE;1055
Hochschule für öffentliche Verwaltung und Rechtspflege (FH), Fortbildungszentrum des Freistaates Sachsen;;Herbert-Böhme-Straße;11;;;DEU;HOUSE;1035
Fachhochschule für Finanzen Brandenburg;;Schillerstraße;6;;;DEU;HOUSE;978
Hochschule für Künste Bremen;;Am Speicher XI;8;;;DEU;HOUSE;978
Hochschule für Bildende Künste Hamburg;;Lerchenfeld;2;;;DEU;HOUSE;964
Hochschule für Bildende Künste Braunschweig;;Johannes-Selenka-Platz;1;38015;Braunschweig;DEU;HOUSE;951
Hochschule für Forstwirtschaft Rottenburg;;;Schadenweilerhof;;;DEU;HOUSE;948
Filmuniversität Babelsberg Konrad Wolf;;Marlene-Dietrich-Allee;11;14437;Potsdam;DEU;HOUSE;942
International Psychoanalytic University Berlin;;Stromstr.;3b;;;DEU;HOUSE;941
HSD Hochschule Döpfer;;Tuchmacherstraße;48b;;;DEU;HOUSE;934
HSBA Hamburg School of Business Administration;;Willy-Brandt-Straße;75;;;DEU;HOUSE;928
Evangelische Hochschule Freiburg, staatlich anerkannte Hochschule der Evangelischen Landeskirche in Baden;;Bugginger Straße;38;79114;Freiburg;DEU;HOUSE;926
NBS Northern Business School – University of Applied Sciences;;Holstenhofweg;62;;;DEU;HOUSE;914
Hochschule für öffentliche Verwaltung Rheinland-Pfalz;;St.-Veit-Straße;26-28;;;DEU;HOUSE;912
Hochschule für Musik und Darstellende Kunst Frankfurt am Main;;Eschersheimer Landstraße;29-39;;;DEU;HOUSE;907
Robert-Schumann-Hochschule Düsseldorf;;Fischerstraße;110;;;DEU;HOUSE;888
Fachhochschule für Rechtspflege Nordrhein-Westfalen;;Schleidtalstraße;3;;;DEU;HOUSE;887
Provadis School of International Management and Technology;;;Rudolf-Amthauer-Straße;;;DEU;HOUSE;870
weißensee kunsthochschule berlin;;Bühringstraße;20;;;DEU;HOUSE;849
Bucerius Law School, Hochschule für Rechtswissenschaft;;Jungiusstraße;6;20304;Hamburg;DEU;HOUSE;844
Evangelische Hochschule Dresden;;Dürerstraße;25;1191;Dresden;DEU;HOUSE;839
Staatliche Akademie der Bildenden Künste Stuttgart;;Am Weißenhof;1;;;DEU;HOUSE;830
Fachhochschule der Verwaltung des Saarlandes;;Am Campus;7;;;DEU;HOUSE;802
HMU Health and Medical University;;Nordhäuser Straße;74;;;DEU;HOUSE;798
Hochschule für Gestaltung Offenbach;;Schloßstraße;31;63065;Offenbach;DEU;HOUSE;786
Mediadesign Hochschule für Design und Informatik;;Franklinstraße 28 -;29;;;DEU;HOUSE;778
HHL Leipzig Graduate School of Management;;Jahnallee;59;4109;Leipzig;DEU;HOUSE;766
Fachhochschule der Polizei Brandenburg;;Bernauer Str.;146;;;DEU;HOUSE;763
Hertie School;;Quartier 110, Friedrichstraße;180;;;DEU;HOUSE;762
Staatliche Hochschule für Musik und Darstellende Kunst Stuttgart;;Urbanstraße;25;;;DEU;HOUSE;759
Fachhochschule der Diakonie - Diaconia - University of Applied Sciences;;Bethelweg;8;;;DEU;HOUSE;754
Hochschule für Musik Carl Maria von Weber Dresden;;Wettiner Platz;13;1001;Dresden;DEU;HOUSE;748
Akademie der Bildenden Künste München;;Akademiestraße;2-4;;;DEU;HOUSE;746
Hochschule für Musik Franz Liszt Weimar;;Platz der Demokratie;2/3;99406;Weimar;DEU;HOUSE;739
SRH Hochschule in Nordrhein-Westfalen;;Platz der Deutschen Einheit;1;59065;Hamm;DEU;HOUSE;737
Evangelische Hochschule für Soziale Arbeit & Diakonie;;Horner Weg;170;;;DEU;HOUSE;731
Hochschule Fresenius Heidelberg – staatlich anerkannte Hochschule der Hochschule Fresenius für Internationales Management GmbH;;Sickingenstraße;63-65;;;DEU;HOUSE;730
IB Hochschule für Gesundheit und Soziales;;Breitenbachstraße;23;;;DEU;HOUSE;725
Hochschule für Rechtspflege Schwetzingen;;Karlsruher Straße;2;;;DEU;HOUSE;716
Hochschule für Finanzwirtschaft & Management;;Simrockstraße;4;;;DEU;HOUSE;710
Fachhochschule Polizei Sachsen-Anhalt;;Schmidtmannstraße;86;;;DEU;HOUSE;705
Hochschule für Gestaltung Schwäbisch Gmünd;;Rektor-Klaus-Str.;100;73503;Schwäbisch Gmünd;DEU;HOUSE;698
Medizinische Hochschule Brandenburg Theodor Fontane;;Fehrbelliner Str.;38;;;DEU;HOUSE;678
Zeppelin Universität - Hochschule zwischen Wirtschaft, Kultur und Politik;;Am Seemoser Horn;20;;;DEU;HOUSE;675
Fachhochschule für öffentliche Verwaltung, Polizei und Rechtspflege des Landes Mecklenburg-Vorpommern;;Goldberger Straße;12-13;;;DEU;HOUSE;669
Hochschule für Finanzen Rheinland-Pfalz;;Luitpoldstraße;33;;;DEU;HOUSE;666
ESMT European School of Management and Technology;;Schlossplatz;1;;;DEU;HOUSE;658
Hochschule für Musik Detmold;;Neustadt;22;;;DEU;HOUSE;652
Hochschule für Öffentliche Verwaltung Bremen;;Doventorscontrescarpe;172c;;;DEU;HOUSE;648
Psychologische Hochschule Berlin (PHB);;Am Köllnischen Park;2;;;DEU;HOUSE;646
Thüringer Fachhochschule für öffentliche Verwaltung;;Bahnhofstraße;12;;;DEU;HOUSE;641
Hochschule der Sächsischen Polizei (FH);;Friedensstraße;120;;;DEU;HOUSE;640
Hochschule für Musik Freiburg;;Mendelssohn-Bartholdy-Platz;1;79095;Freiburg;DEU;HOUSE;610
Munich Business School - Staatlich anerkannte private Fachhochschule;;Elsenheimerstraße;61;;;DEU;HOUSE;609
Berlin International University of Applied Sciences;;Salzufer;6;;;DEU;HOUSE;605
Staatliche Hochschule für Musik und Darstellende Kunst Mannheim;;N 7,;18;;;DEU;HOUSE;598
Leibniz-Fachhochschule;;Expo Plaza;11;;;DEU;HOUSE;584
Akademie der Polizei Hamburg;;Carl-Cohn-Straße;39;;;DEU;HOUSE;582
GISMA Business School;;Konrad-Zuse-Ring;11;;;DEU;HOUSE;577
Hochschule für Musik Karlsruhe;;Am Schloss Gottesaue;7;76040;Karlsruhe;DEU;HOUSE;571
Kunstakademie Düsseldorf;;Eiskellerstraße;1;;;DEU;HOUSE;569
Fachhochschule für die Wirtschaft Hannover;;Freundallee;15;;;DEU;HOUSE;569
Allensbach Hochschule Konstanz,  staatlich anerkannte Hochschule der European Education Group GmbH;;Lohnerhofstraße;2;78467;Konstanz;DEU;HOUSE;565
CODE University of Applied Sciences;;Lohmühlenstr.;65;;;DEU;HOUSE;564
Hochschule für Musik Hanns Eisler Berlin;;Charlottenstraße;55;;;DEU;HOUSE;555
Hochschule für Musik Würzburg;;Hofstallstraße;6-8;;;DEU;HOUSE;555
Hochschule für Bildende Künste Dresden;;Güntzstraße;34;1287;Dresden;DEU;HOUSE;554
Muthesius Kunsthochschule;;Legienstraße;35;;;DEU;HOUSE;554
VICTORIA | Internationale Hochschule;;Bernburger Straße;24-25;;;DEU;HOUSE;552
Fachhochschule Dresden;;Güntzstraße;1;;;DEU;HOUSE;539
Hochschule für Musik und Theater Rostock;;Beim St.-Katharinenstift;8;;;DEU;HOUSE;532
Hochschule für Grafik und Buchkunst Leipzig;;Wächterstraße;11;4008;Leipzig;DEU;HOUSE;524
Private Hochschule für Wirtschaft und Technik Vechta/Diepholz;;Rombergstraße;40;;;DEU;HOUSE;517
Duale Hochschule Schleswig-Holstein - staatlich anerkannte Hochschule für angewandte Wissenschaften in Trägerschaft der Wirtschaftsakademie Schleswig-Holstein;;Hans-Detlev-Prien-Straße;10;;;DEU;HOUSE;512
Hochschule der Bayerischen Wirtschaft für angewandte Wissenschaften - HDBW;;Konrad-Zuse-Platz;8;;;DEU;HOUSE;493
Fachhochschule für Sport und Management Potsdam;;Am Luftschiffhafen;1;;;DEU;HOUSE;471
Deutsche Hochschule der Polizei;;Zum Roten Berge;18;;;DEU;HOUSE;462
CVJM-Hochschule;;Hugo-Preuß-Straße;40;;;DEU;HOUSE;458
Hochschule für Musik Nürnberg;;Veilhofstraße;34;;;DEU;HOUSE;455
accadis Hochschule Bad Homburg;;SÜDCAMPUS Bad Homburg Am Weidenring;4;;;DEU;HOUSE;448
Karlshochschule International University - staatlich anerkannte Hochschule der Karlshochschule gemeinnützige GmbH Karlsruhe;;Karlstraße 36 -;38;;;DEU;HOUSE;448
Hochschule der Bildenden Künste Saar;;Keplerstraße;3-5;;;DEU;HOUSE;445
Hochschule für angewandte Pädagogik;;Ostendstraße;1;;;DEU;HOUSE;444
Hochschule Weserbergland;;Am Stockhof;2;31785;Hameln;DEU;HOUSE;443
Hochschule für Philosophie;;Kaulbachstraße;31;80539;München;DEU;HOUSE;428
Hochschule für Musik Saar;;Bismarckstraße;1;66111;Saarbrücken;DEU;HOUSE;423
Kunsthochschule für Medien Köln;;Peter-Welter-Platz;2;;;DEU;HOUSE;418
Hochschule der Deutschen Bundesbank;;;Schloss;57620;Hachenburg;DEU;HOUSE;408
Musikhochschule Lübeck;;Große Petersgrube;21;;;DEU;HOUSE;404
Norddeutsche Hochschule für Rechtspflege - Niedersachsen;;Godehardspl.;6;;;DEU;HOUSE;404
Staatliche Hochschule für Musik Trossingen;;Schultheiß-Koch-Platz;3;;;DEU;HOUSE;389
Hochschule für Fernsehen und Film München;;Bernd-Eichinger-Platz;1;;;DEU;HOUSE;380
Staatliche Akademie der Bildenden Künste Karlsruhe;;Reinhold-Frank-Straße;67;76062;Karlsruhe;DEU;HOUSE;360
Staatliche Hochschule für Gestaltung Karlsruhe;;Lorenzstr.;15;;;DEU;HOUSE;360
SRH Wilhelm Löhe Hochschule;;Merkurstraße 19,;Südstadtpark;;;DEU;HOUSE;355
Hochschule der Wirtschaft für Management;;Oskar-Meixner-Straße;4-6;;;DEU;HOUSE;353
Kunstakademie Münster, Hochschule für Bildende Künste;;Leonardo-Campus;2;;;DEU;HOUSE;353
Norddeutsche Akademie für Finanzen und Steuerrecht;;Hammer Steindamm;129;;;DEU;HOUSE;349
Hochschule für Künste im Sozialen, Ottersberg;;Große Straße;107;28870;Ottersberg;DEU;HOUSE;325
Kühne Logistics University - Wissenschaftliche Hochschule für Logistik und Unternehmensführung;;Großer Grasbrook;17;20457;Hamburg;DEU;HOUSE;324
Freie Hochschule Stuttgart - Seminar für Waldorfpädagogik. Staatlich anerkannte wissenschaftliche Hochschule.;;Haußmannstraße;44a;;;DEU;HOUSE;321
Hochschule der bildenden Künste (HBK) Essen;;Prinz-Friedrich-Str. 28;A;45241;Essen;DEU;HOUSE;320
Brand University of Applied Sciences;;Rainvilleterrasse;4;;;DEU;HOUSE;314
Internationale Hochschule Liebenzell (IHL);;Heinrich-Coerper-Weg;11;75375;Bad Liebenzell;DEU;HOUSE;298
Vinzenz Pallotti University;;Pallottistraße;3;56174;Vallendar;DEU;HOUSE;298
Akademie der Bildenden Künste Nürnberg;;Bingstraße;60;;;DEU;HOUSE;297
Bard College Berlin, A Liberal Arts University;;Platanenstrasse;24;;;DEU;HOUSE;283
Internationale Hochschule SDI München - Hochschule für angewandte Wissenschaften;;Baierbrunner Straße;28;;;DEU;HOUSE;268
Deutsche Universität für Verwaltungswissenschaften Speyer;;Freiherr-vom-Stein-Straße;2;67324;Speyer;DEU;HOUSE;262
Merz Akademie Hochschule für Gestaltung, Kunst und Medien, Stuttgart - Staatlich anerkannt;;Teckstraße;58;;;DEU;HOUSE;245
Charlotte Fresenius Hochschule;;Moritzstr.;17a;;;DEU;HOUSE;224
Philosophisch-Theologische Hochschule Sankt Georgen Frankfurt am Main;;Offenbacher Landstraße;224;;;DEU;HOUSE;223
Theologische Hochschule Friedensau;;An der Ihle;19;;;DEU;HOUSE;220
Berufliche Hochschule Hamburg (BHH);;Anckelmannstraße;10;;;DEU;HOUSE;219
Hochschule für Schauspielkunst Ernst Busch;;Zinnowitzer Straße;11;;;DEU;HOUSE;218
Digital Business University of Applied Sciences;;Oranienstr.;185;;;DEU;HOUSE;203
Hochschule Clara Hoffbauer (HCHP) - University of Applied Sciences;;Hermannswerder;7;;;DEU;HOUSE;194
Evangelische Hochschule Tabor;;Dürerstraße;43;;;DEU;HOUSE;193
Freie Theologische Hochschule Gießen;;Rathenaustraße;5-7;;;DEU;HOUSE;191
Palucca Hochschule für Tanz Dresden;;Basteiplatz;4;;;DEU;HOUSE;178
XU Exponential University of Applied Sciences;;August-Bebel-Straße;26-53;;;DEU;HOUSE;176
Kirchliche Hochschule Wuppertal;;Missionsstraße 9;a/b;;;DEU;HOUSE;171
Theologische Fakultät Trier;;Universitätsring;19;;;DEU;HOUSE;147
Touro College Berlin;;Am Rupenhorn;5;;;DEU;HOUSE;139
Hochschule für Katholische Kirchenmusik und Musikpädagogik;;Andreasstraße;9;;;DEU;HOUSE;139
Hochschule für Gesellschaftsgestaltung;;Kornpfortstraße;15;;;DEU;HOUSE;126
Hochschule für Bildende Künste (Städelschule);;Dürerstraße;10;;;DEU;HOUSE;120
Augustana-Hochschule Neuendettelsau;;Waldstraße;11;91564;Neuendettelsau;DEU;HOUSE;120
Hochschule für Kommunikation und Gestaltung;;Kölner Straße;38;;;DEU;HOUSE;118
Quadriga Hochschule Berlin;;Werderscher Markt;13;;;DEU;HOUSE;108
Hochschule für Jüdische Studien Heidelberg;;Landfriedstraße;12;;;DEU;HOUSE;103
Theologische Hochschule Reutlingen - staatlich anerkannte Fachhochschule der Evangelisch-methodistischen Kirche;;Friedrich-Ebert-Straße;31;;;DEU;HOUSE;96
VWA-Hochschule für berufsbegleitendes Studium;;Wolframstraße;32;;Stuttgart;DEU;HOUSE;96
Theologisches Hochschule Ewersbach;;Jahnstraße;49-53;;;DEU;HOUSE;88
Fachhochschule für Interkulturelle Theologie Hermannsburg;;Missionsstraße;3-5;;;DEU;HOUSE;78
Barenboim-Said Akademie;;Französische Straße;33D;;;DEU;HOUSE;74
Archivschule Marburg - Hochschule für Archivwissenschaft;;Bismarckstraße;32;;;DEU;HOUSE;73
Theologische Fakultät Paderborn;;Kamp;6;;;DEU;HOUSE;71
Kölner Hochschule für Katholische Theologie (KHKT);;Gleuelerstraße;262-268;;;DEU;HOUSE;60
media Akademie - Hochschule Stuttgart;;Tübinger Str.;12-16;;;DEU;HOUSE;59
Evangelische Hochschule für Kirchenmusik;;Kleine Ulrichstraße;35;;;DEU;HOUSE;57
Theologische Hochschule Elstal;;Johann-Gerhard-Oncken-Straße;7;;;DEU;HOUSE;49
Hochschule für Kirchenmusik der Evangelischen Kirche von Westfalen;;Parkstr.;6;;;DEU;HOUSE;46
Hochschule für Kirchenmusik der Evangelischen Landeskirche in Baden;;Hildastr.;8;;;DEU;HOUSE;44
Hochschule für evangelische Kirchenmusik der Evangelisch-Lutherischen Kirche in Bayern;;Wilhelminenstraße;9;;;DEU;HOUSE;26
Hochschule für Kirchenmusik der Evangelisch-Lutherischen Landeskirche Sachsens;;Käthe Kollwitz Ufer;97;;;DEU;HOUSE;26
Kolping Hochschule;;;Mevissenstr.3;;;DEU;HOUSE;19
Hochschule für Kirchenmusik der Diözese Rottenburg-Stuttgart;;St.-Meinrad-Weg;6;;;DEU;HOUSE;19
Hochschule für Kirchenmusik der Evangelischen Landeskirche in Württemberg;;Gartenstraße;12;;;DEU;HOUSE;19
Lutherische Theologische Hochschule Oberursel;;Altkönigstraße;150;;;DEU;HOUSE;18
University of Labour;;Eschersheimer Landstr.;155-157;;;DEU;HOUSE;17
Theologische Fakultät Fulda;;Eduard-Schick-Platz;2;;;DEU;HOUSE;17
DEKRA Hochschule für Medien;;Ehrenbergstraße;11-14;;;DEU;HOUSE;12
Philosophisch-Theologische Hochschule Münster - Kirchlich und staatlich anerkannte Hochschule in Trägerschaft der PTH Philosophisch-Theologische Hochschule Münster gemeinnützige GmbH;;Kapuzinerstr.;27;48149;Münster;DEU;HOUSE;7
Rheinland-Pfälzische Technische Universität Kaiserslautern-Landau;;Gottlieb-Daimler-Straße;47;67653;Kaiserslautern;DEU;HOUSE;
Universität Koblenz;;Universitätsstraße;1;56016;Koblenz;DEU;HOUSE;
INU - Innovative Hochschule für angewandte Wissenschaften;;Widdersdorfer Straße;262;;;DEU;HOUSE;
Polizeiakademie Niedersachsen;;Bürgermeister-Stahn-Wall;9;;;DEU;HOUSE;
Steuerakademie Niedersachsen;;Bahnhofstraße;5;;;DEU;HOUSE;
GU Deutsche Hochschule für Angewandte Wissenschaften - German University of Applied Sciences;;Jägerallee;26;;;DEU;HOUSE;
